"first_name","last_name","email","genre"
"Aaron                                             ","Mitchell                                          ","aaronmitchell@yahoo.ca","Rock"
"Aaron                                             ","Mitchell                                          ","aaronmitchell@yahoo.ca","Rock"
"Aaron                                             ","Mitchell                                          ","aaronmitchell@yahoo.ca","Rock"
"Aaron                                             ","Mitchell                                          ","aaronmitchell@yahoo.ca","Rock"
"Aaron                                             ","Mitchell                                          ","aaronmitchell@yahoo.ca","Rock"
"Aaron                                             ","Mitchell                                          ","aaronmitchell@yahoo.ca","Rock"
"Aaron                                             ","Mitchell                                          ","aaronmitchell@yahoo.ca","Rock"
"Aaron                                             ","Mitchell                                          ","aaronmitchell@yahoo.ca","Rock"
"Aaron                                             ","Mitchell                                          ","aaronmitchell@yahoo.ca","Rock"
"Aaron                                             ","Mitchell                                          ","aaronmitchell@yahoo.ca","Rock"
"Aaron                                             ","Mitchell                                          ","aaronmitchell@yahoo.ca","Rock"
"Aaron                                             ","Mitchell                                          ","aaronmitchell@yahoo.ca","Rock"
"Aaron                                             ","Mitchell                                          ","aaronmitchell@yahoo.ca","Rock"
"Aaron                                             ","Mitchell                                          ","aaronmitchell@yahoo.ca","Rock"
"Aaron                                             ","Mitchell                                          ","aaronmitchell@yahoo.ca","Rock"
"Aaron                                             ","Mitchell                                          ","aaronmitchell@yahoo.ca","Rock"
"Aaron                                             ","Mitchell                                          ","aaronmitchell@yahoo.ca","Rock"
"Aaron                                             ","Mitchell                                          ","aaronmitchell@yahoo.ca","Rock"
"Aaron                                             ","Mitchell                                          ","aaronmitchell@yahoo.ca","Rock"
"Aaron                                             ","Mitchell                                          ","aaronmitchell@yahoo.ca","Rock"
"Aaron                                             ","Mitchell                                          ","aaronmitchell@yahoo.ca","Rock"
"Aaron                                             ","Mitchell                                          ","aaronmitchell@yahoo.ca","Rock"
"Alexandre                                         ","Rocha                                             ","alero@uol.com.br","Rock"
"Alexandre                                         ","Rocha                                             ","alero@uol.com.br","Rock"
"Alexandre                                         ","Rocha                                             ","alero@uol.com.br","Rock"
"Alexandre                                         ","Rocha                                             ","alero@uol.com.br","Rock"
"Alexandre                                         ","Rocha                                             ","alero@uol.com.br","Rock"
"Alexandre                                         ","Rocha                                             ","alero@uol.com.br","Rock"
"Alexandre                                         ","Rocha                                             ","alero@uol.com.br","Rock"
"Alexandre                                         ","Rocha                                             ","alero@uol.com.br","Rock"
"Alexandre                                         ","Rocha                                             ","alero@uol.com.br","Rock"
"Alexandre                                         ","Rocha                                             ","alero@uol.com.br","Rock"
"Alexandre                                         ","Rocha                                             ","alero@uol.com.br","Rock"
"Alexandre                                         ","Rocha                                             ","alero@uol.com.br","Rock"
"Alexandre                                         ","Rocha                                             ","alero@uol.com.br","Rock"
"Alexandre                                         ","Rocha                                             ","alero@uol.com.br","Rock"
"Alexandre                                         ","Rocha                                             ","alero@uol.com.br","Rock"
"Alexandre                                         ","Rocha                                             ","alero@uol.com.br","Rock"
"Alexandre                                         ","Rocha                                             ","alero@uol.com.br","Rock"
"Alexandre                                         ","Rocha                                             ","alero@uol.com.br","Rock"
"Alexandre                                         ","Rocha                                             ","alero@uol.com.br","Rock"
"Alexandre                                         ","Rocha                                             ","alero@uol.com.br","Rock"
"Astrid                                            ","Gruber                                            ","astrid.gruber@apple.at","Rock"
"Astrid                                            ","Gruber                                            ","astrid.gruber@apple.at","Rock"
"Astrid                                            ","Gruber                                            ","astrid.gruber@apple.at","Rock"
"Astrid                                            ","Gruber                                            ","astrid.gruber@apple.at","Rock"
"Astrid                                            ","Gruber                                            ","astrid.gruber@apple.at","Rock"
"Astrid                                            ","Gruber                                            ","astrid.gruber@apple.at","Rock"
"Astrid                                            ","Gruber                                            ","astrid.gruber@apple.at","Rock"
"Astrid                                            ","Gruber                                            ","astrid.gruber@apple.at","Rock"
"Astrid                                            ","Gruber                                            ","astrid.gruber@apple.at","Rock"
"Astrid                                            ","Gruber                                            ","astrid.gruber@apple.at","Rock"
"Astrid                                            ","Gruber                                            ","astrid.gruber@apple.at","Rock"
"Astrid                                            ","Gruber                                            ","astrid.gruber@apple.at","Rock"
"Astrid                                            ","Gruber                                            ","astrid.gruber@apple.at","Rock"
"Astrid                                            ","Gruber                                            ","astrid.gruber@apple.at","Rock"
"Astrid                                            ","Gruber                                            ","astrid.gruber@apple.at","Rock"
"Astrid                                            ","Gruber                                            ","astrid.gruber@apple.at","Rock"
"Astrid                                            ","Gruber                                            ","astrid.gruber@apple.at","Rock"
"Astrid                                            ","Gruber                                            ","astrid.gruber@apple.at","Rock"
"Astrid                                            ","Gruber                                            ","astrid.gruber@apple.at","Rock"
"Astrid                                            ","Gruber                                            ","astrid.gruber@apple.at","Rock"
"Astrid                                            ","Gruber                                            ","astrid.gruber@apple.at","Rock"
"Astrid                                            ","Gruber                                            ","astrid.gruber@apple.at","Rock"
"Astrid                                            ","Gruber                                            ","astrid.gruber@apple.at","Rock"
"Astrid                                            ","Gruber                                            ","astrid.gruber@apple.at","Rock"
"Astrid                                            ","Gruber                                            ","astrid.gruber@apple.at","Rock"
"Astrid                                            ","Gruber                                            ","astrid.gruber@apple.at","Rock"
"Astrid                                            ","Gruber                                            ","astrid.gruber@apple.at","Rock"
"Astrid                                            ","Gruber                                            ","astrid.gruber@apple.at","Rock"
"Astrid                                            ","Gruber                                            ","astrid.gruber@apple.at","Rock"
"Astrid                                            ","Gruber                                            ","astrid.gruber@apple.at","Rock"
"Astrid                                            ","Gruber                                            ","astrid.gruber@apple.at","Rock"
"Astrid                                            ","Gruber                                            ","astrid.gruber@apple.at","Rock"
"Astrid                                            ","Gruber                                            ","astrid.gruber@apple.at","Rock"
"Astrid                                            ","Gruber                                            ","astrid.gruber@apple.at","Rock"
"Astrid                                            ","Gruber                                            ","astrid.gruber@apple.at","Rock"
"Astrid                                            ","Gruber                                            ","astrid.gruber@apple.at","Rock"
"Astrid                                            ","Gruber                                            ","astrid.gruber@apple.at","Rock"
"Astrid                                            ","Gruber                                            ","astrid.gruber@apple.at","Rock"
"Astrid                                            ","Gruber                                            ","astrid.gruber@apple.at","Rock"
"Astrid                                            ","Gruber                                            ","astrid.gruber@apple.at","Rock"
